0.193286022,0.163906634,0.157291738,0.161334457,0.164671029,0.17830432,0.207002296,0.249453788,0.285563227,0.34014862,0.39769831,0.446564812,0.497010937,0.537649012,0.572323964,0.598370236,0.613504386,0.624129362,0.624508204,0.628600129,0.623093975,0.621390669,0.622940538,0.626188684,0.623812477,0.622979769,0.616214371,0.599467154,0.576894657,0.541274123,0.502111159,0.450353555,0.395619162,0.337056561,0.278800127,0.236482497,0.189384743,0.154544523,0.138246196,0.124887936,0.117592811,0,0,1,2.06452431, 
0.193286022,0.17688627,0.160665416,0.1808031,0.211426067,0.242925999,0.275523401,0.317689993,0.364604588,0.420929322,0.471992201,0.515253418,0.552397156,0.584425538,0.607805309,0.61549446,0.619272076,0.621486543,0.622843209,0.621370938,0.620129418,0.620078247,0.621917694,0.618934473,0.61413537,0.607506918,0.590038799,0.555876722,0.515922598,0.470512808,0.419407869,0.363687804,0.310932983,0.259895883,0.211113467,0.176590012,0.14478843,0.120187919,0.114653081,0.122577635,0.131163252,0,0,8,2.062606798, 
0.117592811,0.124887936,0.138246196,0.154544523,0.189384743,0.236482497,0.278800127,0.337056561,0.395619162,0.450353555,0.502111159,0.541274123,0.576894657,0.599467154,0.616214371,0.622979769,0.623812477,0.626188684,0.622940538,0.621390669,0.623093975,0.628600129,0.624508204,0.624129362,0.613504386,0.598370236,0.572323964,0.537649012,0.497010937,0.446564812,0.39769831,0.34014862,0.285563227,0.249453788,0.207002296,0.17830432,0.164671029,0.161334457,0.157291738,0.163906634,0.193286022,0,1,0,2.06452431, 
0.117592811,0.121926318,0.126884925,0.153679826,0.187975865,0.223906257,0.270878844,0.32691891,0.385466126,0.44162976,0.492349414,0.535614328,0.569279843,0.596810293,0.615500974,0.622221345,0.625698496,0.627047552,0.626773369,0.626012522,0.625732322,0.626704818,0.629021599,0.623715756,0.613093324,0.599203201,0.574917065,0.537946389,0.495263922,0.44754508,0.396228656,0.344172383,0.295348966,0.248409052,0.203827233,0.18211132,0.164708235,0.154470852,0.154964872,0.167954512,0.182001554,0,1,9,2.062606798, 
0.154958031,0.147649808,0.160662207,0.184159547,0.209071614,0.246328631,0.29462994,0.350875046,0.402221848,0.454050506,0.505479783,0.54176317,0.576089573,0.59573299,0.609340138,0.617337088,0.617120924,0.614617001,0.611875067,0.613132949,0.612756527,0.615422477,0.61696177,0.618502961,0.607627949,0.593994399,0.570819978,0.53682695,0.497866388,0.446522833,0.392820518,0.341562943,0.285413687,0.240528749,0.199494441,0.179727837,0.156403101,0.143706497,0.151199775,0.160826338,0.174994517,0,2,3,2.06452431, 
0.154958031,0.132770561,0.110300757,0.118833333,0.136676232,0.155287898,0.174651611,0.208081684,0.251001022,0.308626334,0.362989666,0.420624447,0.475316025,0.524554921,0.563629913,0.586605749,0.603668086,0.615990823,0.624227346,0.626682257,0.624456938,0.621850517,0.622197225,0.622068798,0.623064934,0.62505146,0.620076344,0.601094798,0.576889989,0.547655698,0.513026374,0.465039838,0.413214268,0.360744793,0.307827683,0.259792497,0.213720425,0.174821181,0.15901005,0.157205251,0.157200073,0,2,10,2.062606798, 
0.174994517,0.160826338,0.151199775,0.143706497,0.156403101,0.179727837,0.199494441,0.240528749,0.285413687,0.341562943,0.392820518,0.446522833,0.497866388,0.53682695,0.570819978,0.593994399,0.607627949,0.618502961,0.61696177,0.615422477,0.612756527,0.613132949,0.611875067,0.614617001,0.617120924,0.617337088,0.609340138,0.59573299,0.576089573,0.54176317,0.505479783,0.454050506,0.402221848,0.350875046,0.29462994,0.246328631,0.209071614,0.184159547,0.160662207,0.147649808,0.154958031,0,3,2,2.06452431, 
0.174994517,0.16245161,0.149215232,0.158585952,0.176020294,0.194162619,0.225067212,0.270994275,0.323367284,0.374966822,0.423305248,0.473423313,0.518546662,0.556768689,0.584337695,0.599873278,0.610413063,0.615915891,0.616191147,0.614154552,0.612010561,0.612358176,0.615876479,0.616216214,0.614061499,0.61053085,0.601862346,0.579019627,0.55037592,0.513789525,0.470945612,0.416714566,0.365019528,0.312525742,0.259672825,0.221959503,0.188776684,0.164082608,0.151616178,0.151864606,0.153296716,0,3,11,2.062606798, 
0.193881792,0.15665422,0.142114484,0.146198117,0.150240977,0.15207058,0.175220939,0.211660395,0.249888727,0.299004859,0.34716878,0.401626017,0.455908292,0.508216414,0.547708636,0.577855443,0.60428257,0.614663126,0.620820323,0.626407174,0.623328778,0.620461627,0.620132547,0.623014543,0.627977865,0.62501069,0.617635389,0.609530728,0.591816469,0.562847203,0.528439838,0.481490583,0.427809179,0.370123201,0.315282067,0.259831914,0.209284742,0.176770209,0.147675981,0.133248097,0.131163252,0,4,8,2.062066263, 
0.193881792,0.167323288,0.179172891,0.179611127,0.194535803,0.212017826,0.246801971,0.297974651,0.343313717,0.388409471,0.444271106,0.491492018,0.531624031,0.565261456,0.586898391,0.602091186,0.611485863,0.6144703,0.610312188,0.607583045,0.610441625,0.609211311,0.61031502,0.616253251,0.617283508,0.609546566,0.600037621,0.577137326,0.546764614,0.511867683,0.464141597,0.410379,0.352960075,0.30427833,0.257930739,0.210021258,0.179269638,0.161169375,0.149531535,0.142611545,0.144162432,0,4,12,2.063962155, 
0.125473515,0.119051296,0.115037522,0.125474148,0.145508342,0.17208418,0.217085264,0.259692306,0.303331568,0.364830541,0.422037802,0.473318719,0.518408781,0.559432833,0.585983695,0.603671383,0.618608766,0.622948938,0.620969648,0.619106689,0.618060335,0.619699547,0.622500194,0.622186635,0.622786977,0.61711894,0.602376825,0.584802782,0.554655709,0.515238422,0.475160897,0.423554769,0.372504508,0.322282988,0.276102825,0.229860118,0.197858209,0.189269587,0.179845429,0.175428105,0.182001554,0,5,9,2.062066263, 
0.125473515,0.137177316,0.160830348,0.177263284,0.227127249,0.275458346,0.321109347,0.382004562,0.442591864,0.492082387,0.533924653,0.569168726,0.596559466,0.613669475,0.621520279,0.623236394,0.621083971,0.62051238,0.620431841,0.61822636,0.621207717,0.623242607,0.621139442,0.614578123,0.599041627,0.575509185,0.54570831,0.501334232,0.451160276,0.398775023,0.344277281,0.291791972,0.237328644,0.199558889,0.174785253,0.154992034,0.142754762,0.136765788,0.15329649,0.17690306,0.191506307,0,5,13,2.063962155, 
0.132281234,0.127254704,0.140450005,0.174547145,0.209675433,0.24316404,0.294488738,0.355271241,0.412054975,0.462933678,0.511660192,0.552968486,0.582309143,0.609141549,0.622868444,0.628710764,0.630695968,0.628080462,0.626366937,0.626952366,0.627592954,0.628039647,0.628509413,0.62183001,0.614408394,0.592532452,0.558248459,0.522308311,0.47636968,0.421791507,0.366054184,0.311622659,0.257025278,0.2011052,0.172529099,0.145601373,0.124315531,0.1207005,0.120079611,0.13384982,0.157200073,0,6,10,2.062066263, 
0.132281234,0.117348968,0.135372909,0.143907609,0.165605959,0.189335724,0.232685462,0.289402386,0.340377042,0.391331794,0.450627796,0.501442506,0.544296161,0.577130662,0.600153758,0.616410855,0.625843868,0.629372976,0.626226636,0.624220701,0.627932433,0.626412059,0.625344754,0.628614811,0.626886338,0.614838346,0.598464858,0.570675212,0.53696423,0.496145452,0.443715096,0.386369569,0.328129176,0.282022221,0.236406219,0.190393874,0.164272732,0.148909461,0.139527631,0.135106172,0.142339526,0,6,14,2.063962155, 
0.151752514,0.151191026,0.154010912,0.172544376,0.20239183,0.240281508,0.291440371,0.341010101,0.389023076,0.443474973,0.495143192,0.537368506,0.568285985,0.596681755,0.610392994,0.616149376,0.621030657,0.620395312,0.616503443,0.614189657,0.615864386,0.619741918,0.623256565,0.618206669,0.611798348,0.597364367,0.571675473,0.540035845,0.497634356,0.446820121,0.392471076,0.337234764,0.28493735,0.231501757,0.194803641,0.158118829,0.135007277,0.135483389,0.134942486,0.139007318,0.153296716,0,7,11,2.062066263, 
0.151752514,0.135841397,0.129626213,0.11416924,0.131438268,0.146444522,0.163035139,0.203842796,0.25284947,0.296419342,0.357181492,0.415243886,0.470141439,0.519456068,0.556819757,0.586490695,0.607956252,0.622748462,0.627266442,0.625049577,0.624582936,0.623736688,0.624469511,0.6250016,0.625698566,0.62585162,0.623688248,0.607042488,0.587142642,0.562427537,0.519102428,0.471053209,0.418590934,0.360746334,0.306488189,0.255055289,0.208612945,0.169948902,0.15177393,0.142305028,0.126715613,0,7,15,2.063962155, 
0.131163252,0.122577635,0.114653081,0.120187919,0.14478843,0.176590012,0.211113467,0.259895883,0.310932983,0.363687804,0.419407869,0.470512808,0.515922598,0.555876722,0.590038799,0.607506918,0.61413537,0.618934473,0.621917694,0.620078247,0.620129418,0.621370938,0.622843209,0.621486543,0.619272076,0.61549446,0.607805309,0.584425538,0.552397156,0.515253418,0.471992201,0.420929322,0.364604588,0.317689993,0.275523401,0.242925999,0.211426067,0.1808031,0.160665416,0.17688627,0.193286022,0,8,0,2.062606798, 
0.131163252,0.133248097,0.147675981,0.176770209,0.209284742,0.259831914,0.315282067,0.370123201,0.427809179,0.481490583,0.528439838,0.562847203,0.591816469,0.609530728,0.617635389,0.62501069,0.627977865,0.623014543,0.620132547,0.620461627,0.623328778,0.626407174,0.620820323,0.614663126,0.60428257,0.577855443,0.547708636,0.508216414,0.455908292,0.401626017,0.34716878,0.299004859,0.249888727,0.211660395,0.175220939,0.15207058,0.150240977,0.146198117,0.142114484,0.15665422,0.193881792,0,8,4,2.062066263, 
0.182001554,0.167954512,0.154964872,0.154470852,0.164708235,0.18211132,0.203827233,0.248409052,0.295348966,0.344172383,0.396228656,0.44754508,0.495263922,0.537946389,0.574917065,0.599203201,0.613093324,0.623715756,0.629021599,0.626704818,0.625732322,0.626012522,0.626773369,0.627047552,0.625698496,0.622221345,0.615500974,0.596810293,0.569279843,0.535614328,0.492349414,0.44162976,0.385466126,0.32691891,0.270878844,0.223906257,0.187975865,0.153679826,0.126884925,0.121926318,0.117592811,0,9,1,2.062606798, 
0.182001554,0.175428105,0.179845429,0.189269587,0.197858209,0.229860118,0.276102825,0.322282988,0.372504508,0.423554769,0.475160897,0.515238422,0.554655709,0.584802782,0.602376825,0.61711894,0.622786977,0.622186635,0.622500194,0.619699547,0.618060335,0.619106689,0.620969648,0.622948938,0.618608766,0.603671383,0.585983695,0.559432833,0.518408781,0.473318719,0.422037802,0.364830541,0.303331568,0.259692306,0.217085264,0.17208418,0.145508342,0.125474148,0.115037522,0.119051296,0.125473515,0,9,5,2.062066263, 
0.157200073,0.157205251,0.15901005,0.174821181,0.213720425,0.259792497,0.307827683,0.360744793,0.413214268,0.465039838,0.513026374,0.547655698,0.576889989,0.601094798,0.620076344,0.62505146,0.623064934,0.622068798,0.622197225,0.621850517,0.624456938,0.626682257,0.624227346,0.615990823,0.603668086,0.586605749,0.563629913,0.524554921,0.475316025,0.420624447,0.362989666,0.308626334,0.251001022,0.208081684,0.174651611,0.155287898,0.136676232,0.118833333,0.110300757,0.132770561,0.154958031,0,10,2,2.062606798, 
0.157200073,0.13384982,0.120079611,0.1207005,0.124315531,0.145601373,0.172529099,0.2011052,0.257025278,0.311622659,0.366054184,0.421791507,0.47636968,0.522308311,0.558248459,0.592532452,0.614408394,0.62183001,0.628509413,0.628039647,0.627592954,0.626952366,0.626366937,0.628080462,0.630695968,0.628710764,0.622868444,0.609141549,0.582309143,0.552968486,0.511660192,0.462933678,0.412054975,0.355271241,0.294488738,0.24316404,0.209675433,0.174547145,0.140450005,0.127254704,0.132281234,0,10,6,2.062066263, 
0.153296716,0.151864606,0.151616178,0.164082608,0.188776684,0.221959503,0.259672825,0.312525742,0.365019528,0.416714566,0.470945612,0.513789525,0.55037592,0.579019627,0.601862346,0.61053085,0.614061499,0.616216214,0.615876479,0.612358176,0.612010561,0.614154552,0.616191147,0.615915891,0.610413063,0.599873278,0.584337695,0.556768689,0.518546662,0.473423313,0.423305248,0.374966822,0.323367284,0.270994275,0.225067212,0.194162619,0.176020294,0.158585952,0.149215232,0.16245161,0.174994517,0,11,3,2.062606798, 
0.153296716,0.139007318,0.134942486,0.135483389,0.135007277,0.158118829,0.194803641,0.231501757,0.28493735,0.337234764,0.392471076,0.446820121,0.497634356,0.540035845,0.571675473,0.597364367,0.611798348,0.618206669,0.623256565,0.619741918,0.615864386,0.614189657,0.616503443,0.620395312,0.621030657,0.616149376,0.610392994,0.596681755,0.568285985,0.537368506,0.495143192,0.443474973,0.389023076,0.341010101,0.291440371,0.240281508,0.20239183,0.172544376,0.154010912,0.151191026,0.151752514,0,11,7,2.062066263, 
0.144162432,0.142611545,0.149531535,0.161169375,0.179269638,0.210021258,0.257930739,0.30427833,0.352960075,0.410379,0.464141597,0.511867683,0.546764614,0.577137326,0.600037621,0.609546566,0.617283508,0.616253251,0.61031502,0.609211311,0.610441625,0.607583045,0.610312188,0.6144703,0.611485863,0.602091186,0.586898391,0.565261456,0.531624031,0.491492018,0.444271106,0.388409471,0.343313717,0.297974651,0.246801971,0.212017826,0.194535803,0.179611127,0.179172891,0.167323288,0.193881792,0,12,4,2.063962155, 
0.144162432,0.135093876,0.143014417,0.160300854,0.180435534,0.217798792,0.260860544,0.306448782,0.356374208,0.410550232,0.461541632,0.509106522,0.544475073,0.573476225,0.598381332,0.615846707,0.616080954,0.615569889,0.614313514,0.61282872,0.612552875,0.613567275,0.614808231,0.612539277,0.60827268,0.602008441,0.582371671,0.555184828,0.524529977,0.486724915,0.436184888,0.385532226,0.33476693,0.287832155,0.244867418,0.204566042,0.182067136,0.177104032,0.175304645,0.176668977,0.191506307,0,12,13,2.061451255, 
0.191506307,0.17690306,0.15329649,0.136765788,0.142754762,0.154992034,0.174785253,0.199558889,0.237328644,0.291791972,0.344277281,0.398775023,0.451160276,0.501334232,0.54570831,0.575509185,0.599041627,0.614578123,0.621139442,0.623242607,0.621207717,0.61822636,0.620431841,0.62051238,0.621083971,0.623236394,0.621520279,0.613669475,0.596559466,0.569168726,0.533924653,0.492082387,0.442591864,0.382004562,0.321109347,0.275458346,0.227127249,0.177263284,0.160830348,0.137177316,0.125473515,0,13,5,2.063962155, 
0.191506307,0.176668977,0.175304645,0.177104032,0.182067136,0.204566042,0.244867418,0.287832155,0.33476693,0.385532226,0.436184888,0.486724915,0.524529977,0.555184828,0.582371671,0.602008441,0.60827268,0.612539277,0.614808231,0.613567275,0.612552875,0.61282872,0.614313514,0.615569889,0.616080954,0.615846707,0.598381332,0.573476225,0.544475073,0.509106522,0.461541632,0.410550232,0.356374208,0.306448782,0.260860544,0.217798792,0.180435534,0.160300854,0.143014417,0.135093876,0.144162432,0,13,12,2.061451255, 
0.142339526,0.135106172,0.139527631,0.148909461,0.164272732,0.190393874,0.236406219,0.282022221,0.328129176,0.386369569,0.443715096,0.496145452,0.53696423,0.570675212,0.598464858,0.614838346,0.626886338,0.628614811,0.625344754,0.626412059,0.627932433,0.624220701,0.626226636,0.629372976,0.625843868,0.616410855,0.600153758,0.577130662,0.544296161,0.501442506,0.450627796,0.391331794,0.340377042,0.289402386,0.232685462,0.189335724,0.165605959,0.143907609,0.135372909,0.117348968,0.132281234,0,14,6,2.063962155, 
0.142339526,0.135224116,0.145668657,0.166592237,0.190550397,0.231438807,0.278011808,0.327194034,0.378618328,0.4319732,0.483756507,0.532672545,0.565217535,0.59097386,0.613510448,0.629110625,0.629447103,0.629599806,0.629568736,0.629058109,0.629424753,0.630922363,0.631320515,0.624442274,0.614810109,0.602424019,0.575517434,0.540368117,0.501239066,0.454058774,0.396528955,0.338931179,0.281265447,0.232804205,0.190756901,0.151489816,0.127735663,0.121677885,0.117904602,0.116415816,0.126715613,0,14,15,2.061451255, 
0.126715613,0.142305028,0.15177393,0.169948902,0.208612945,0.255055289,0.306488189,0.360746334,0.418590934,0.471053209,0.519102428,0.562427537,0.587142642,0.607042488,0.623688248,0.62585162,0.625698566,0.6250016,0.624469511,0.623736688,0.624582936,0.625049577,0.627266442,0.622748462,0.607956252,0.586490695,0.556819757,0.519456068,0.470141439,0.415243886,0.357181492,0.296419342,0.25284947,0.203842796,0.163035139,0.146444522,0.131438268,0.11416924,0.129626213,0.135841397,0.151752514,0,15,7,2.063962155, 
0.126715613,0.116415816,0.117904602,0.121677885,0.127735663,0.151489816,0.190756901,0.232804205,0.281265447,0.338931179,0.396528955,0.454058774,0.501239066,0.540368117,0.575517434,0.602424019,0.614810109,0.624442274,0.631320515,0.630922363,0.629424753,0.629058109,0.629568736,0.629599806,0.629447103,0.629110625,0.613510448,0.59097386,0.565217535,0.532672545,0.483756507,0.4319732,0.378618328,0.327194034,0.278011808,0.231438807,0.190550397,0.166592237,0.145668657,0.135224116,0.142339526,0,15,14,2.061451255, 
0.146714136,0.132298123,0.12800422,0.131848209,0.151087688,0.171648675,0.197350066,0.247237856,0.29395696,0.34746052,0.4034104,0.456777683,0.508401505,0.542803336,0.578998317,0.59558117,0.612968075,0.616568743,0.616568919,0.615271691,0.624844781,0.622038921,0.623264165,0.626853434,0.625672046,0.621720951,0.606695089,0.59210287,0.556529143,0.520449188,0.470154103,0.415389391,0.362241164,0.302326732,0.247311699,0.206974606,0.173935282,0.147317927,0.127665137,0.130808999,0.127652869,0,16,17,2.062926764, 
0.146714136,0.14559193,0.163832902,0.188819077,0.225473675,0.278926533,0.326675405,0.380763326,0.437739441,0.489422749,0.530986015,0.564452324,0.594121333,0.609350326,0.617010243,0.621091182,0.618095561,0.61555975,0.615845014,0.615754689,0.617308758,0.619787466,0.618028156,0.609649792,0.597922216,0.574633467,0.548215295,0.507348185,0.456240973,0.404683309,0.35390635,0.30595275,0.256157773,0.21588593,0.183543249,0.159011531,0.148128839,0.151406993,0.151640475,0.183223542,0.214308119,0,16,24,2.062993791, 
0.127652869,0.130808999,0.127665137,0.147317927,0.173935282,0.206974606,0.247311699,0.302326732,0.362241164,0.415389391,0.470154103,0.520449188,0.556529143,0.59210287,0.606695089,0.621720951,0.625672046,0.626853434,0.623264165,0.622038921,0.624844781,0.615271691,0.616568919,0.616568743,0.612968075,0.59558117,0.578998317,0.542803336,0.508401505,0.456777683,0.4034104,0.34746052,0.29395696,0.247237856,0.197350066,0.171648675,0.151087688,0.131848209,0.12800422,0.132298123,0.146714136,0,17,16,2.062926764, 
0.127652869,0.117648269,0.125009282,0.137339426,0.156733447,0.19300412,0.224669603,0.271146401,0.334430879,0.393100535,0.446443517,0.497005702,0.542075141,0.575342102,0.601253127,0.620169192,0.626368507,0.627607248,0.628880518,0.624793732,0.623260876,0.625411663,0.62767435,0.627462661,0.625561522,0.612881769,0.599448898,0.573296341,0.534752477,0.492473834,0.444498202,0.386613173,0.324494647,0.274095417,0.228824186,0.191788763,0.168477821,0.150376886,0.129798052,0.136237607,0.141371001,0,17,25,2.062993791, 
0.191069104,0.190266721,0.202435463,0.223954346,0.260144058,0.298931096,0.338593367,0.394256488,0.442246816,0.486191388,0.528643784,0.557559165,0.586634857,0.597500151,0.60775038,0.60496821,0.6047961,0.599923802,0.595080467,0.595052572,0.599844548,0.603301204,0.605116999,0.605446814,0.594211263,0.580797856,0.551229323,0.522092121,0.477605141,0.433924093,0.382996134,0.331302897,0.293883299,0.252076062,0.218289622,0.203174302,0.194039561,0.189819363,0.192596171,0.219109864,0.236690902,0,18,19,2.062926764, 
0.191069104,0.166062637,0.157470768,0.155010313,0.164549486,0.19213348,0.212529543,0.248140392,0.299526941,0.347314181,0.391838684,0.443952458,0.496400856,0.534010714,0.562728781,0.589752725,0.601281381,0.607840084,0.613915269,0.609737417,0.606470085,0.603954631,0.602486078,0.602816535,0.60501178,0.604287477,0.603746828,0.591936823,0.569459042,0.543783387,0.514425361,0.47153689,0.423805483,0.377552504,0.332321495,0.283586941,0.247473849,0.226114502,0.203396982,0.210423669,0.218904236,0,18,26,2.062993791, 
0.236690902,0.219109864,0.192596171,0.189819363,0.194039561,0.203174302,0.218289622,0.252076062,0.293883299,0.331302897,0.382996134,0.433924093,0.477605141,0.522092121,0.551229323,0.580797856,0.594211263,0.605446814,0.605116999,0.603301204,0.599844548,0.595052572,0.595080467,0.599923802,0.6047961,0.60496821,0.60775038,0.597500151,0.586634857,0.557559165,0.528643784,0.486191388,0.442246816,0.394256488,0.338593367,0.298931096,0.260144058,0.223954346,0.202435463,0.190266721,0.191069104,0,19,18,2.062926764, 
0.236690902,0.217417795,0.216619106,0.223649932,0.238164008,0.267408703,0.291164253,0.32906423,0.380332128,0.428252497,0.467435469,0.506861082,0.544606486,0.568573828,0.58456332,0.599105881,0.600598688,0.597092153,0.594329696,0.58831367,0.585842574,0.587744133,0.591646752,0.594371517,0.596411269,0.589828426,0.583174015,0.563144671,0.533465776,0.500960954,0.465567781,0.417184379,0.364164046,0.323122594,0.288715621,0.254675633,0.235188238,0.221186756,0.203809024,0.21565574,0.227538882,0,19,27,2.062993791, 
0.205066032,0.188060098,0.170873497,0.169587521,0.179034286,0.188793237,0.2189212,0.249411668,0.378967042,0.431423011,0.481733278,0.525093197,0.557257631,0.584611386,0.599862884,0.607404743,0.612707107,0.611624727,0.609813144,0.608719828,0.609877049,0.611899326,0.61329344,0.610563149,0.607117691,0.596736936,0.574575032,0.549891987,0.513145323,0.468207725,0.422321065,0.371195124,0.318681574,0.267094074,0.232410825,0.199860043,0.175444769,0.177029883,0.180127997,0.191049829,0.214308119,0,20,24,2.063115028, 
0.205066032,0.187129619,0.216925899,0.241041287,0.265545654,0.302975487,0.340904579,0.386711889,0.439229767,0.486315963,0.519156688,0.54970805,0.578890645,0.592917291,0.597474326,0.599197084,0.595984893,0.594299027,0.591594485,0.588334033,0.590300822,0.592627591,0.595170306,0.598249317,0.589413371,0.575523618,0.555132258,0.523190558,0.48524428,0.443406962,0.399955442,0.351433962,0.309958836,0.271767596,0.239681043,0.224627394,0.208638292,0.210405481,0.234876729,0.247307976,0.26979315,0,20,28,2.06261465, 
0.154706933,0.140334013,0.125457835,0.124931291,0.127540832,0.130839299,0.154159735,0.178496733,0.329199551,0.387284379,0.444501777,0.496171288,0.537694048,0.575676126,0.599976064,0.615373123,0.626329367,0.626757557,0.625630341,0.625216151,0.625724205,0.628144219,0.630267066,0.629042554,0.626141952,0.615741198,0.59420077,0.570619974,0.534250684,0.487388,0.437707896,0.379233777,0.319526341,0.264890788,0.22724503,0.19152839,0.160774038,0.148411667,0.136705098,0.131996368,0.141371001,0,21,25,2.063115028, 
0.154706933,0.159573823,0.183525852,0.217732081,0.257191087,0.293417975,0.345010802,0.399069101,0.453493353,0.502637567,0.539701031,0.569603684,0.592666748,0.610712953,0.612126367,0.611453203,0.61249824,0.610878447,0.611519885,0.611825976,0.612453806,0.615871893,0.614666624,0.606282931,0.595255893,0.569769015,0.535801401,0.49774063,0.446904532,0.391985209,0.341074143,0.294557594,0.241968236,0.20477145,0.184676057,0.155849709,0.149544594,0.156087031,0.16388104,0.192247157,0.208225417,0,21,29,2.06261465, 
0.117111988,0.119834392,0.122725351,0.142608165,0.172651479,0.203684315,0.255403145,0.306842014,0.486215592,0.528060708,0.568052958,0.597795344,0.612132977,0.62385641,0.627128734,0.626288433,0.626071573,0.626161111,0.627952743,0.631653442,0.630888165,0.629174627,0.62267273,0.601658697,0.57857195,0.546225896,0.499727053,0.450330718,0.395929452,0.34039186,0.285068586,0.239960579,0.198308494,0.15812931,0.143587677,0.130386047,0.123999951,0.141671451,0.15987169,0.184280881,0.218904236,0,22,26,2.063115028, 
0.117111988,0.107925751,0.139199392,0.166723494,0.195608928,0.238120627,0.287632126,0.343621211,0.405743244,0.463206866,0.507823809,0.547809201,0.585125821,0.605109141,0.616213031,0.623279611,0.624083708,0.625725387,0.625080345,0.622570566,0.624477494,0.625622957,0.624472916,0.623179188,0.611883093,0.592640973,0.563811932,0.525968064,0.480867406,0.4319413,0.378537873,0.319315747,0.273285212,0.229797374,0.190820488,0.171296438,0.151904465,0.149075802,0.16665548,0.172543725,0.189893218,0,22,30,2.06261465, 
0.172853695,0.170246434,0.167962255,0.182221544,0.200771933,0.220905484,0.260793664,0.302041798,0.462267234,0.503302892,0.542230294,0.571357105,0.588237441,0.602685757,0.607779339,0.607766567,0.605777695,0.603743508,0.603527402,0.605202105,0.609006413,0.613021837,0.613582395,0.603714397,0.589415298,0.565874907,0.530556881,0.491610481,0.445666123,0.393817601,0.338750028,0.289043168,0.243200972,0.203732787,0.188945282,0.17598259,0.167366204,0.175535321,0.18405644,0.199125562,0.227538882,0,23,27,2.063115028, 
0.172853695,0.151271907,0.148976162,0.1554441,0.165842043,0.172125464,0.204671641,0.242831169,0.288250621,0.343727014,0.396541812,0.446007913,0.493696849,0.539625973,0.56724091,0.588968427,0.609113787,0.61481843,0.615098942,0.612880363,0.608520801,0.607593272,0.608299901,0.611044675,0.616081386,0.612920486,0.603981076,0.593521696,0.56993999,0.53992876,0.502115711,0.455452518,0.401402332,0.35081044,0.305285955,0.251275977,0.21651187,0.193483995,0.172753005,0.17536044,0.167415382,0,23,31,2.06261465, 
0.214308119,0.183223542,0.151640475,0.151406993,0.148128839,0.159011531,0.183543249,0.21588593,0.256157773,0.30595275,0.35390635,0.404683309,0.456240973,0.507348185,0.548215295,0.574633467,0.597922216,0.609649792,0.618028156,0.619787466,0.617308758,0.615754689,0.615845014,0.61555975,0.618095561,0.621091182,0.617010243,0.609350326,0.594121333,0.564452324,0.530986015,0.489422749,0.437739441,0.380763326,0.326675405,0.278926533,0.225473675,0.188819077,0.163832902,0.14559193,0.146714136,0,24,16,2.062993791, 
0.214308119,0.191049829,0.180127997,0.177029883,0.175444769,0.199860043,0.232410825,0.267094074,0.318681574,0.371195124,0.422321065,0.468207725,0.513145323,0.549891987,0.574575032,0.596736936,0.607117691,0.610563149,0.61329344,0.611899326,0.609877049,0.608719828,0.609813144,0.611624727,0.612707107,0.607404743,0.599862884,0.584611386,0.557257631,0.525093197,0.481733278,0.431423011,0.378967042,0.249411668,0.2189212,0.188793237,0.179034286,0.169587521,0.170873497,0.188060098,0.205066032,0,24,20,2.063115028, 
0.141371001,0.136237607,0.129798052,0.150376886,0.168477821,0.191788763,0.228824186,0.274095417,0.324494647,0.386613173,0.444498202,0.492473834,0.534752477,0.573296341,0.599448898,0.612881769,0.625561522,0.627462661,0.62767435,0.625411663,0.623260876,0.624793732,0.628880518,0.627607248,0.626368507,0.620169192,0.601253127,0.575342102,0.542075141,0.497005702,0.446443517,0.393100535,0.334430879,0.271146401,0.224669603,0.19300412,0.156733447,0.137339426,0.125009282,0.117648269,0.127652869,0,25,17,2.062993791, 
0.141371001,0.131996368,0.136705098,0.148411667,0.160774038,0.19152839,0.22724503,0.264890788,0.319526341,0.379233777,0.437707896,0.487388,0.534250684,0.570619974,0.59420077,0.615741198,0.626141952,0.629042554,0.630267066,0.628144219,0.625724205,0.625216151,0.625630341,0.626757557,0.626329367,0.615373123,0.599976064,0.575676126,0.537694048,0.496171288,0.444501777,0.387284379,0.329199551,0.178496733,0.154159735,0.130839299,0.127540832,0.124931291,0.125457835,0.140334013,0.154706933,0,25,21,2.063115028, 
0.218904236,0.210423669,0.203396982,0.226114502,0.247473849,0.283586941,0.332321495,0.377552504,0.423805483,0.47153689,0.514425361,0.543783387,0.569459042,0.591936823,0.603746828,0.604287477,0.60501178,0.602816535,0.602486078,0.603954631,0.606470085,0.609737417,0.613915269,0.607840084,0.601281381,0.589752725,0.562728781,0.534010714,0.496400856,0.443952458,0.391838684,0.347314181,0.299526941,0.248140392,0.212529543,0.19213348,0.164549486,0.155010313,0.157470768,0.166062637,0.191069104,0,26,18,2.062993791, 
0.218904236,0.184280881,0.15987169,0.141671451,0.123999951,0.130386047,0.143587677,0.15812931,0.198308494,0.239960579,0.285068586,0.34039186,0.395929452,0.450330718,0.499727053,0.546225896,0.57857195,0.601658697,0.62267273,0.629174627,0.630888165,0.631653442,0.627952743,0.626161111,0.626071573,0.626288433,0.627128734,0.62385641,0.612132977,0.597795344,0.568052958,0.528060708,0.486215592,0.306842014,0.255403145,0.203684315,0.172651479,0.142608165,0.122725351,0.119834392,0.117111988,0,26,22,2.063115028, 
0.227538882,0.21565574,0.203809024,0.221186756,0.235188238,0.254675633,0.288715621,0.323122594,0.364164046,0.417184379,0.465567781,0.500960954,0.533465776,0.563144671,0.583174015,0.589828426,0.596411269,0.594371517,0.591646752,0.587744133,0.585842574,0.58831367,0.594329696,0.597092153,0.600598688,0.599105881,0.58456332,0.568573828,0.544606486,0.506861082,0.467435469,0.428252497,0.380332128,0.32906423,0.291164253,0.267408703,0.238164008,0.223649932,0.216619106,0.217417795,0.236690902,0,27,19,2.062993791, 
0.227538882,0.199125562,0.18405644,0.175535321,0.167366204,0.17598259,0.188945282,0.203732787,0.243200972,0.289043168,0.338750028,0.393817601,0.445666123,0.491610481,0.530556881,0.565874907,0.589415298,0.603714397,0.613582395,0.613021837,0.609006413,0.605202105,0.603527402,0.603743508,0.605777695,0.607766567,0.607779339,0.602685757,0.588237441,0.571357105,0.542230294,0.503302892,0.462267234,0.302041798,0.260793664,0.220905484,0.200771933,0.182221544,0.167962255,0.170246434,0.172853695,0,27,23,2.063115028, 
0.26979315,0.247307976,0.234876729,0.210405481,0.208638292,0.224627394,0.239681043,0.271767596,0.309958836,0.351433962,0.399955442,0.443406962,0.48524428,0.523190558,0.555132258,0.575523618,0.589413371,0.598249317,0.595170306,0.592627591,0.590300822,0.588334033,0.591594485,0.594299027,0.595984893,0.599197084,0.597474326,0.592917291,0.578890645,0.54970805,0.519156688,0.486315963,0.439229767,0.386711889,0.340904579,0.302975487,0.265545654,0.241041287,0.216925899,0.187129619,0.205066032,0,28,20,2.06261465, 
0.26979315,0.243216208,0.214847982,0.191865387,0.189936845,0.193635412,0.212935987,0.22526193,0.262309117,0.301937029,0.353755082,0.401022912,0.445607535,0.493022875,0.529695889,0.55991043,0.58321801,0.59531432,0.603743988,0.600754673,0.594273674,0.59826027,0.600091303,0.600474594,0.602886633,0.597254287,0.58533815,0.565441639,0.53514106,0.501380347,0.453790714,0.408901358,0.362888155,0.310541124,0.270594371,0.232092744,0.215356346,0.198165848,0.189950687,0.190250673,0.208225417,0,28,29,2.063936663, 
0.208225417,0.192247157,0.16388104,0.156087031,0.149544594,0.155849709,0.184676057,0.20477145,0.241968236,0.294557594,0.341074143,0.391985209,0.446904532,0.49774063,0.535801401,0.569769015,0.595255893,0.606282931,0.614666624,0.615871893,0.612453806,0.611825976,0.611519885,0.610878447,0.61249824,0.611453203,0.612126367,0.610712953,0.592666748,0.569603684,0.539701031,0.502637567,0.453493353,0.399069101,0.345010802,0.293417975,0.257191087,0.217732081,0.183525852,0.159573823,0.154706933,0,29,21,2.06261465, 
0.208225417,0.190250673,0.189950687,0.198165848,0.215356346,0.232092744,0.270594371,0.310541124,0.362888155,0.408901358,0.453790714,0.501380347,0.53514106,0.565441639,0.58533815,0.597254287,0.602886633,0.600474594,0.600091303,0.59826027,0.594273674,0.600754673,0.603743988,0.59531432,0.58321801,0.55991043,0.529695889,0.493022875,0.445607535,0.401022912,0.353755082,0.301937029,0.262309117,0.22526193,0.212935987,0.193635412,0.189936845,0.191865387,0.214847982,0.243216208,0.26979315,0,29,28,2.063936663, 
0.189893218,0.172543725,0.16665548,0.149075802,0.151904465,0.171296438,0.190820488,0.229797374,0.273285212,0.319315747,0.378537873,0.4319413,0.480867406,0.525968064,0.563811932,0.592640973,0.611883093,0.623179188,0.624472916,0.625622957,0.624477494,0.622570566,0.625080345,0.625725387,0.624083708,0.623279611,0.616213031,0.605109141,0.585125821,0.547809201,0.507823809,0.463206866,0.405743244,0.343621211,0.287632126,0.238120627,0.195608928,0.166723494,0.139199392,0.107925751,0.117111988,0,30,22,2.06261465, 
0.189893218,0.183183785,0.176010955,0.174214375,0.194219587,0.219827798,0.261070437,0.294772187,0.34839354,0.400664245,0.453798827,0.501175481,0.53869094,0.57273212,0.594688354,0.609395952,0.619156525,0.620394785,0.618753911,0.615445172,0.614501546,0.62632676,0.624874925,0.611114246,0.596540559,0.569018038,0.532580566,0.4898607,0.436282143,0.380875666,0.319127959,0.264469029,0.224575621,0.17740052,0.151051175,0.128723725,0.126419622,0.124053889,0.128893598,0.139614946,0.167415382,0,30,31,2.063936663, 
0.167415382,0.17536044,0.172753005,0.193483995,0.21651187,0.251275977,0.305285955,0.35081044,0.401402332,0.455452518,0.502115711,0.53992876,0.56993999,0.593521696,0.603981076,0.612920486,0.616081386,0.611044675,0.608299901,0.607593272,0.608520801,0.612880363,0.615098942,0.61481843,0.609113787,0.588968427,0.56724091,0.539625973,0.493696849,0.446007913,0.396541812,0.343727014,0.288250621,0.242831169,0.204671641,0.172125464,0.165842043,0.1554441,0.148976162,0.151271907,0.172853695,0,31,23,2.06261465, 
0.167415382,0.139614946,0.128893598,0.124053889,0.126419622,0.128723725,0.151051175,0.17740052,0.224575621,0.264469029,0.319127959,0.380875666,0.436282143,0.4898607,0.532580566,0.569018038,0.596540559,0.611114246,0.624874925,0.62632676,0.614501546,0.615445172,0.618753911,0.620394785,0.619156525,0.609395952,0.594688354,0.57273212,0.53869094,0.501175481,0.453798827,0.400664245,0.34839354,0.294772187,0.261070437,0.219827798,0.194219587,0.174214375,0.176010955,0.183183785,0.189893218,0,31,30,2.063936663, 
